id,type,chapter,k_level,multi_chunk,status,cited_pages,best_score,context_precision,context_recall,faithfulness,response_relevancy,latency_ms,possible_hallucination,judge_truncated,retrieved_pages,format_fallback
q001,in_scope,1,K1,true,answered,15,0.7729,,,,,1876,,,48;18;15,
q007,in_scope,1,K2,true,no_context,,0.7339,,,,,1172,,,17;14;48,
q011,in_scope,2,K1,false,answered,26;24,0.7466,,,,,1119,,,26;24;39;25,
q013,in_scope,2,K2,false,answered,27,0.8309,,,,,1191,,,27;26,
q020,in_scope,3,K2,true,answered,34;33;15,0.9013,,,,,1346,,,34;33;15,
q025,in_scope,4,K2,false,answered,39,0.8760,,,,,1237,,,39;38;43,
q027,in_scope,4,K3,false,answered,39;40,0.7723,,,,,8585,,,39;40,
q030,in_scope,4,K1,false,answered,41,0.8478,,,,,10735,,,41,
q045,in_scope,5,K3,false,answered,50,0.7952,,,,,9290,,,50;49,
q048,in_scope,5,K1,true,answered,50;51,0.8641,,,,,7421,,,50;51;22,
q058,in_scope,6,K2,true,answered,59,0.7588,,,,,10528,,,22;59;16,
q061,not_in_syllabus,,,false,no_context,,0.5393,,,,,10115,,,40;44,
q062,not_in_syllabus,,,false,no_context,,0.6594,,,,,9207,,,15;20;44;29,
q066,out_of_scope,,,false,refused,,0.4106,,,,,10033,,,40;39,
q072,out_of_scope,,,false,refused,,0.6230,,,,,10213,,,36;22;45,
