id,type,chapter,k_level,multi_chunk,status,cited_pages,best_score,context_precision,context_recall,faithfulness,response_relevancy,latency_ms,possible_hallucination,judge_truncated,retrieved_pages,format_fallback,answer_sha256
q001,in_scope,1,K1,true,answered,15,0.6607,0.6699,0.5022,0.7370,0.5003,2113,,,,,
q007,in_scope,1,K2,true,answered,17;18,0.8367,0.6064,0.9360,0.8024,0.7727,3094,,,,,
q011,in_scope,2,K1,false,answered,26,0.8925,0.9597,0.9617,0.7784,0.7787,1831,,,,,
q013,in_scope,2,K2,false,answered,27,0.7001,0.7027,0.9196,0.9858,0.7048,2113,,,,,
q020,in_scope,3,K2,true,answered,34,0.6545,0.8426,0.7370,0.8764,0.5770,3426,,,,,
q025,in_scope,4,K2,false,answered,39,0.8518,0.8323,0.8686,0.7982,0.8488,1604,,,,,
q027,in_scope,4,K3,false,answered,39;40,0.6945,0.6725,0.8636,0.8728,0.8010,1958,,,,,
q030,in_scope,4,K1,false,answered,41,0.5722,0.7997,0.6750,0.8843,0.8560,3507,,,,,
q045,in_scope,5,K3,false,answered,50,0.7490,0.9882,0.7124,0.6508,0.9259,3085,,,,,
q048,in_scope,5,K1,true,no_context,50;51,0.9273,0.6248,0.9574,,,2147,,,,,
q058,in_scope,6,K2,true,answered,59;60,0.6741,0.6142,0.4604,0.8676,0.7453,3946,,,,,
q061,not_in_syllabus,,,false,answered,,0.5556,,,,,1624,possible_hallucination,,,,
q062,not_in_syllabus,,,false,no_context,,0.9202,,,,,1065,,,,,
q066,out_of_scope,,,false,refused,,0.6499,,,,,2748,,,,,
q072,out_of_scope,,,false,refused,,0.6467,,,,,1756,,,,,
