id,type,chapter,k_level,multi_chunk,status,cited_pages,best_score,context_precision,context_recall,faithfulness,response_relevancy,latency_ms,possible_hallucination
q001,in_scope,1,K1,true,answered,15,0.6607,0.6699,0.5022,0.7370,0.5003,2113,
q002,in_scope,1,K2,false,answered,16,0.8367,0.7496,0.9593,0.8743,0.8553,3094,
q003,in_scope,1,K1,false,answered,17,0.8925,0.9597,0.9617,0.7784,0.7787,1831,
q004,in_scope,1,K1,false,answered,17,0.7001,0.7027,0.9196,0.9858,0.7048,2113,
q005,in_scope,1,K2,false,answered,17,0.6545,0.8999,0.8326,0.9214,0.7308,3426,
q006,in_scope,1,K3,false,no_context,17,0.8518,0.8323,0.8686,,,1604,
q007,in_scope,1,K2,true,answered,17;18,0.7194,0.6271,0.5853,0.4854,0.7857,3226,
q008,in_scope,1,K2,false,answered,19,0.8046,0.6738,0.9381,0.7997,0.6750,2667,
q009,in_scope,1,K3,false,answered,19,0.8177,0.9143,0.9169,0.9882,0.7124,3310,
q010,in_scope,1,K1,false,answered,22,0.5510,0.9754,0.8500,0.7613,0.9729,4129,
q011,in_scope,2,K1,false,answered,26,0.6741,0.7545,0.6566,0.9158,0.8379,3946,
q012,in_scope,2,K1,false,answered,25,0.5556,0.9739,0.6642,0.9039,0.7346,1624,
q013,in_scope,2,K2,false,answered,27,0.9030,0.7716,0.8804,0.9807,0.8600,1925,
q014,in_scope,2,K2,true,answered,26;27,0.9101,0.8876,0.7646,0.7893,0.7878,3793,
q015,in_scope,2,K1,true,answered,29;30,0.9128,0.9065,0.5292,0.6098,0.6228,3664,
q016,in_scope,2,K2,true,answered,28;29,0.9294,0.7524,0.8904,0.6718,0.7151,1514,
q017,in_scope,2,K2,true,answered,30;31,0.7661,0.4516,0.6910,0.9966,0.6169,4155,
q018,in_scope,2,K3,false,answered,31,0.6059,0.9128,0.7375,0.8039,0.7787,1222,
q019,in_scope,3,K1,false,answered,33,0.6584,0.7335,0.7387,0.6950,0.6686,1203,
q020,in_scope,3,K2,true,answered,34,0.8547,0.8961,0.9685,0.4898,0.9878,2298,
q021,in_scope,3,K3,false,answered,33;34,0.8415,0.8440,0.6526,0.6591,0.8253,2332,
q022,in_scope,3,K2,true,answered,35;36,0.9015,0.9334,0.7205,0.8668,0.4555,3186,
q023,in_scope,3,K1,false,no_context,36,0.5752,0.9839,0.8168,,,1254,
q024,in_scope,3,K2,true,answered,36;37,0.6620,0.8368,0.7096,0.9281,0.8161,3997,
q025,in_scope,4,K2,false,answered,39,0.7032,0.8370,0.9800,0.7013,0.9102,2766,
q026,in_scope,4,K2,false,answered,40,0.7345,0.8564,0.9903,0.6595,0.7198,3866,
q027,in_scope,4,K3,false,answered,39;40,0.7824,0.9094,0.7327,0.8227,0.7849,2152,
q028,in_scope,4,K2,false,answered,40,0.8926,0.9579,0.8240,0.6553,0.7511,3955,
q029,in_scope,4,K3,false,answered,40,0.7774,0.7414,0.8785,0.7197,0.8490,1635,
q030,in_scope,4,K1,false,answered,41,0.7100,0.8760,0.8212,0.8456,0.7340,910,
q031,in_scope,4,K3,false,answered,41,0.7488,0.8906,0.7873,0.8257,0.7574,3867,
q032,in_scope,4,K2,true,answered,41;42,0.6311,0.6606,0.8914,0.5760,0.4648,3125,
q033,in_scope,4,K3,true,answered,41;42,0.7497,0.6927,0.5669,0.5944,0.7240,1270,
q034,in_scope,4,K1,false,answered,42,0.9258,0.7209,0.9040,0.7205,0.9090,2634,
q035,in_scope,4,K2,false,answered,43,0.7614,0.6877,0.9352,0.9420,0.7135,3886,
q036,in_scope,4,K2,false,answered,43,0.5711,0.7687,0.8233,0.6680,0.8286,2235,
q037,in_scope,4,K2,true,answered,43;44,0.9307,0.5711,0.5056,0.8068,0.8759,3838,
q038,in_scope,4,K2,false,answered,44,0.8567,0.9598,0.6870,0.7560,0.7639,1233,
q039,in_scope,4,K2,true,answered,44;45,0.8559,0.9840,0.8742,0.5853,0.6089,2468,
q040,in_scope,4,K1,false,no_context,45,0.6547,0.9058,0.9784,,,1394,
q041,in_scope,4,K1,false,answered,46,0.6407,0.7162,0.8812,0.9687,0.8366,3043,
q042,in_scope,4,K1,false,answered,46,0.6799,0.7953,0.8179,0.9615,0.9511,2875,
q043,in_scope,5,K2,true,answered,48,0.8859,0.5446,0.8782,0.8535,0.7024,2461,
q044,in_scope,5,K2,false,answered,49,0.8774,0.7557,0.9692,0.9080,0.8367,1160,
q045,in_scope,5,K3,false,answered,50,0.7184,0.8139,0.9304,0.9046,0.8980,1037,
q046,in_scope,5,K3,false,answered,49,0.8032,0.9108,0.7025,0.9463,0.9125,1464,
q047,in_scope,5,K2,false,answered,50,0.5805,0.7409,0.7011,0.9329,0.8847,4039,
q048,in_scope,5,K1,true,answered,50;51,0.8761,0.5111,0.7121,0.9584,0.8193,3052,
q049,in_scope,5,K2,true,answered,51,0.6292,0.5660,0.9107,0.5937,0.6110,1387,
q050,in_scope,5,K1,false,answered,52,0.5524,0.7702,0.9719,0.8670,0.7222,3630,
q051,in_scope,5,K2,true,answered,52,0.7970,0.7846,0.4838,0.8216,0.5190,4141,
q052,in_scope,5,K3,false,answered,53,0.7241,0.7145,0.7823,0.8672,0.6802,2356,
q053,in_scope,5,K2,false,answered,53,0.7510,0.9310,0.7214,0.7669,0.9319,2459,
q054,in_scope,5,K1,true,answered,54,0.6869,0.9352,0.7003,0.6648,0.4708,2080,
q055,in_scope,5,K1,false,answered,56,0.8845,0.9592,0.9133,0.9198,0.9838,3762,
q056,in_scope,5,K1,false,answered,56,0.7723,0.7207,0.8273,0.9166,0.9292,1702,
q057,in_scope,6,K1,true,no_context,59,0.5507,0.6157,0.5560,,,3032,
q058,in_scope,6,K2,true,answered,59;60,0.7184,0.7845,0.6349,0.7844,0.5386,2005,
q059,in_scope,6,K2,true,answered,60,0.6774,0.5629,0.5539,0.5675,0.9896,3164,
q060,in_scope,6,K3,false,answered,60,0.7696,0.6689,0.6787,0.9517,0.7188,999,
q061,not_in_syllabus,,,false,answered,,0.8931,,,,,2172,possible_hallucination
q062,not_in_syllabus,,,false,no_context,,0.9230,,,,,1407,
q063,not_in_syllabus,,,false,no_context,,0.6943,,,,,2227,
q064,not_in_syllabus,,,false,no_context,,0.8408,,,,,1504,
q065,not_in_syllabus,,,false,no_context,,0.8915,,,,,3849,
q066,out_of_scope,,,false,refused,,0.8813,,,,,3897,
q067,out_of_scope,,,false,refused,,0.9427,,,,,3135,
q068,out_of_scope,,,false,refused,,0.8959,,,,,2429,
q069,out_of_scope,,,false,refused,,0.9374,,,,,3441,
q070,out_of_scope,,,false,refused,,0.9160,,,,,3407,
q071,out_of_scope,,,false,refused,,0.6411,,,,,2403,
q072,out_of_scope,,,false,refused,,0.6679,,,,,905,
q073,out_of_scope,,,false,refused,,0.7146,,,,,3975,
q074,out_of_scope,,,false,refused,,0.8726,,,,,2824,
q075,out_of_scope,,,false,refused,,0.8939,,,,,4059,
